samtimalegi_islenski_trjabankinn_icecontree	description			 Vélþáttaður trjábanki sem er þáttaður samkvæmt skema IcePaHC-trjábankans. Hann inniheldur texta úr Risamálheildinni, 	<p>Vélþáttaður trjábanki sem er þáttaður samkvæmt skema IcePaHC-trjábankans. Hann inniheldur texta úr Risamálheildinni,</p>	<p></p>
sogulegi_islenski_trjabankinn_icepahc	description			 Handleiðréttur trjábanki sem er greindur samkvæmt þáttunarskema sögulegu ensku Penn-trjábankanna. Bankinn inniheldur um 1 milljón lesmálsorða frá 12. til 21. aldar. 	<p>Handleiðréttur trjábanki sem er greindur samkvæmt þáttunarskema sögulegu ensku Penn-trjábankanna. Bankinn inniheldur um 1 milljón lesmálsorða frá 12. til 21. aldar.</p>	<p></p>
taugavelthattadi_icepahctrjabankinn_neuralmicepahc	description			 Vélþáttaður trjábanki sem samanstendur af íslenskum textum frá 13.-20. öld sem eru að mestu leyti Íslendingasögur. 	<p>Vélþáttaður trjábanki sem samanstendur af íslenskum textum frá 13.-20. öld sem eru að mestu leyti Íslendingasögur. </p>	<p></p>
greynircorpus	description			 Þáttuð málheild sem inniheldur 10 milljónir málsgreina, að mestu úr fréttatextum, sem hafa verið fullþáttaðar með sjálfvirkum regluþáttara. 	<p>Þáttuð málheild sem inniheldur 10 milljónir málsgreina, að mestu úr fréttatextum, sem hafa verið fullþáttaðar með sjálfvirkum regluþáttara.</p>	<p></p>
ud_greynircorpus	description			 Venslatrjábanki sem hefur verið varpað á sjálfvirkan hátt frá GreynirCorpus. 	<p>Venslatrjábanki sem hefur verið varpað á sjálfvirkan hátt frá GreynirCorpus. </p>	<p></p>
risamalheildin_rmh	description			 RMH-verkefnið hefur að markmiði að safna eins miklum texta frá 21. öld og mögulegt er sem gefa má út með opnu eða takmörkuðu leyfi. Verkefnið samanstendur af níu sjálfstæðum málheildum 	<p>RMH-verkefnið hefur að markmiði að safna eins miklum texta frá 21. öld og mögulegt er sem gefa má út með opnu eða takmörkuðu leyfi. Verkefnið samanstendur af níu sjálfstæðum málheildum</p>	<p></p>
risamalheildin_a_jsonsnidi	description			 Pakkinn inniheldur þær málheildir Íslensku risamálheildarinnar sem voru gefnar út með opnu leyfi, á jsonl-sniðmáti sem hentar m.a. við þjálfun mállíkana. 	<p>Pakkinn inniheldur þær málheildir Íslensku risamálheildarinnar sem voru gefnar út með opnu leyfi, á jsonl-sniðmáti sem hentar m.a. við þjálfun mállíkana.</p>	<p></p>
morkud_islensk_malheild_mim	description			 Í Markaðri íslenskri málheild (MÍM) má finna um 25 milljónir orða af fjölbreyttum textum sem eru geymdir í stöðluðu sniði í rafrænu formi. 	<p>Í Markaðri íslenskri málheild (MÍM) má finna um 25 milljónir orða af fjölbreyttum textum sem eru geymdir í stöðluðu sniði í rafrænu formi.</p>	<p></p>
ordtidnibok_otb	description			 Í textasafninu eru brot úr 100 textum sem voru gefnir út á tímabilinu 1980-1989, hvert með um 5.000 lesmálsorðum. Textarnir voru valdir úr fimm textaflokkum: íslenskum skáldverkum, þýddum skáldverkum, ævisögum og minningum, fræðslutextum og barna og unglingabókum. 	<p>Í textasafninu eru brot úr 100 textum sem voru gefnir út á tímabilinu 1980-1989, hvert með um 5.000 lesmálsorðum. Textarnir voru valdir úr fimm textaflokkum: íslenskum skáldverkum, þýddum skáldverkum, ævisögum og minningum, fræðslutextum og barna og unglingabókum. </p>	<p></p>
fornritin	description			 Þetta safn hefur að geyma 41 forntexta úr Íslendingasögum, Sturlungu, Heimskringlu og Landnámabók. 	<p>Þetta safn hefur að geyma 41 forntexta úr Íslendingasögum, Sturlungu, Heimskringlu og Landnámabók. </p>	<p></p>
textar_af_visindavefnum_og_evropuvefnum	description			 Málheildin inniheldur spurningar og svör af Vísindavefnum og Evrópuvefnum sem Háskóli Íslands heldur úti. 	<p>Málheildin inniheldur spurningar og svör af Vísindavefnum og Evrópuvefnum sem Háskóli Íslands heldur úti. </p>	<p></p>
islenska_villumalheildin_iceec	description			 Safn texta (nemendaritgerðir, fréttir og Wikipedia) á nútímaíslensku þar sem villur eru merktar, t.d. hvað varðar stafsetningu, málfræði og fleira. 	<p>Safn texta (nemendaritgerðir, fréttir og Wikipedia) á nútímaíslensku þar sem villur eru merktar, t.d. hvað varðar stafsetningu, málfræði og fleira.</p>	<p></p>
villumalheild_islensks_barnamals_iceclec	description			 Safn texta á nútímaíslensku sem hafa verið skrifaðir af íslenskum móðurmálsmálhöfum á aldrinum 10–15 ára þar sem villur eru merktar.	<p>Safn texta á nútímaíslensku sem hafa verið skrifaðir af íslenskum móðurmálsmálhöfum á aldrinum 10–15 ára þar sem villur eru merktar.	<p></p>
villumalheild_islensku_sem_annars_mals_icel2ec	description			 Safn texta á nútímaíslensku sem hafa verið skrifaðir af annarsmálshöfum íslensku þar sem villur eru merktar. 	<p>Safn texta á nútímaíslensku sem hafa verið skrifaðir af annarsmálshöfum íslensku þar sem villur eru merktar.</p>	<p></p>
islenska_lesblinduvillumalheildin_icedec	description			 Safn texta á nútímaíslensku sem hafa verið skrifaðir af einstaklingum sem greindir hafa verið með dyslexíu og þar sem villur eru merktar. 	<p>Safn texta á nútímaíslensku sem hafa verið skrifaðir af einstaklingum sem greindir hafa verið með dyslexíu og þar sem villur eru merktar.</p>	<p></p>
islenska_ruglingsmengjamalheildin_icosc	description			 Listi yfir lík orð sem fólk á til að ruglast á, upplýsingar um tíðni þeirra og mismunandi málfræðimörkun. 	<p>Listi yfir lík orð sem fólk á til að ruglast á, upplýsingar um tíðni þeirra og mismunandi málfræðimörkun.</p>	<p></p>
oord_islensku_villumalheildarinnar	description			 Listi af íslenskum óorðum og leiðréttingum þeirra, en óorðin eru fengin úr íslensku villumálheildinni IceErrorCorpus. 	<p>Listi af íslenskum óorðum og leiðréttingum þeirra, en óorðin eru fengin úr íslensku villumálheildinni IceErrorCorpus.</p>	<p></p>
listi_af_handleidrettum_atridum_i_lokaritgerdum	description			 Listi af handleiðréttum atriðum í lokaritgerðum nemenda á skemman.is. 	<p>Listi af handleiðréttum atriðum í lokaritgerðum nemenda á skemman.is.</p>	<p></p>
gagnagrunnur_islenskra_bannorda_icetaboo	description			 Listi af íslenskum orðum sem gætu talist óviðeigandi og/eða verið gildishlaðin á einhvern hátt. 	<p>Listi af íslenskum orðum sem gætu talist óviðeigandi og/eða verið gildishlaðin á einhvern hátt.</p>	<p></p>
islenskar_leitarfyrirspurnarvillur_icesquer	description			 Listi með leitarfyrirspurnavillum notenda sem gefa ekki leitarniðurstöður í Beygingarlýsingu íslensks nútímamáls. 	<p>Listi með leitarfyrirspurnavillum notenda sem gefa ekki leitarniðurstöður í Beygingarlýsingu íslensks nútímamáls.</p>	<p></p>
parice__enskislensk_hlidstaed_malheild	description			 Þetta er fyrsta hliðstæða málheildin sem gerð er til að nota í íslenskri máltækni og málrannsóknum. 	<p>Þetta er fyrsta hliðstæða málheildin sem gerð er til að nota í íslenskri máltækni og málrannsóknum.</p>	<p></p>
tilbuin_samhlida_malheild_islenskaenska_med_innskotsordaforda	description			 Tilbúin samhliða málheild þar sem stjörnufræðihugtökum hefur verið skotið inn í útdrætti háskólaritgerða úr Skemmunni 	<p>Tilbúin samhliða málheild þar sem stjörnufræðihugtökum hefur verið skotið inn í útdrætti háskólaritgerða úr Skemmunni </p>	<p></p>
samhlida_gervimalheild_enis	description			 Samhliða gervimálheild með bakþýddum þjálfunargögnum fyrir vélþýðingar. 	<p>Samhliða gervimálheild með bakþýddum þjálfunargögnum fyrir vélþýðingar.</p>	<p></p>
long_context_synthetic_translation_pairs_for_english_and_icelandic	description			 Þessi málheild var mynduð með því að bakþýða opnar málheildir í samhengi. 	<p>Þessi málheild var mynduð með því að bakþýða opnar málheildir í samhengi.</p>	<p></p>
enis_synthetic_parallel_named_entity_robustness_corpus	description			 Í þessari hirslu eru gervi-samhliðagögn sem innihalda u.þ.b. 2 milljón raðaðra nafnatóka. Gögnin er ætluð sem auka bakþýðingargögn fyrir þjálfun og innihalda merkingar fyrir staðsetningu, samtök og persónur. 	<p>Í þessari hirslu eru gervi-samhliðagögn sem innihalda u.þ.b. 2 milljón raðaðra nafnatóka. Gögnin er ætluð sem auka bakþýðingargögn fyrir þjálfun og innihalda merkingar fyrir staðsetningu, samtök og persónur.</p>	<p></p>
enis_semisynthetic_parallel_name_robustness_corpus	description			 Samhliða hálfgervimálheild unnin upp úr ParIce málheildinni. Mannanöfn eru merkt sérstaklega, beggja vegna í hverju setningapari. Þeim er svo skipt út fyrir önnur nöfn af sama kyni og í sama falli. 	<p>Samhliða hálfgervimálheild unnin upp úr ParIce málheildinni. Mannanöfn eru merkt sérstaklega, beggja vegna í hverju setningapari. Þeim er svo skipt út fyrir önnur nöfn af sama kyni og í sama falli.</p>	<p></p>
thydingargogn_fyrir_polsku_og_islensku	description			 Í þessu gagnasafni eru gögn sem urðu til í samstarfsverkefni Reykjavíkurborgar og Miðeindar ehf. um að þróa sérhæfða þýðingarvél milli pólsku og íslensku. 	<p>Í þessu gagnasafni eru gögn sem urðu til í samstarfsverkefni Reykjavíkurborgar og Miðeindar ehf. um að þróa sérhæfða þýðingarvél milli pólsku og íslensku.</p>	<p></p>
parice__thjalfunar_og_profunargogn	description			 Þrjú sett af setningum til þróunar/prófunar á þýðingavélum. Settin eru búin til úr undirmálheildum ParIce og innihalda ensk-íslensk pör. 	<p>Þrjú sett af setningum til þróunar/prófunar á þýðingavélum. Settin eru búin til úr undirmálheildum ParIce og innihalda ensk-íslensk pör. </p>	<p></p>
islenskensk_thjalfunargogn_fyrir_samrodun_setninga	description			 Þessi pakki inniheldur tíu skjöl á íslensku og ensku með textum sem hefur verið handraðað setningu á móti setningu, til að nota við að prófa sjálfvirkar samröðunaraðferðir. 	<p>Þessi pakki inniheldur tíu skjöl á íslensku og ensku með textum sem hefur verið handraðað setningu á móti setningu, til að nota við að prófa sjálfvirkar samröðunaraðferðir.</p>	<p></p>
icelandicenglish_classification_training_set_for_parallel_sentence_alignment_filtering	description			 Þetta er þjáfunarsett fyrir flokkara, sem má nota til að velja góðar samhliða setningar frá lakara setningum í sambærilegum málheildum, eða til að sía samhliða málheildir. 	<p>Þetta er þjáfunarsett fyrir flokkara, sem má nota til að velja góðar samhliða setningar frá lakara setningum í sambærilegum málheildum, eða til að sía samhliða málheildir.</p>	<p></p>
icelandicenglish_parallel_sentence_extraction_dataset	description			 Þetta er gagnasett til að prófa nákvæmni aðferða við að veiða samhliða setningapör úr sambærilegum málheildum. 	<p>Þetta er gagnasett til að prófa nákvæmni aðferða við að veiða samhliða setningapör úr sambærilegum málheildum.</p>	<p></p>
enis_parallel_named_entity_robustness_corpus__test_data	description			 Í þessari hirslu eru prófunargögn til að meta framfarir í þýðingum á nafnatókum á milli íslensku og ensku. Þessi gögn eru samhliða og eru nafnamerkt með nafnaþekkjara sem hefur verið aðlagaður fyrir bæði tungumál. 	<p>Í þessari hirslu eru prófunargögn til að meta framfarir í þýðingum á nafnatókum á milli íslensku og ensku. Þessi gögn eru samhliða og eru nafnamerkt með nafnaþekkjara sem hefur verið aðlagaður fyrir bæði tungumál.</p>	<p></p>
cities_is2en	description			 Gagnasafnið tengir lista íslenskra heita borga við enskt heiti þeirra. 	<p>Gagnasafnið tengir lista íslenskra heita borga við enskt heiti þeirra.</p>	<p></p>
countries_is2iso	description			 Gagnasafnið tengir lista íslenskra heita borga við enskt heiti þeirra. 	<p>Gagnasafnið tengir lista íslenskra heita borga við enskt heiti þeirra.</p>	<p></p>
isprep4cc	description			 Gagnasafnið inniheldur upplýsingar um hvaða forsetningar skal nota með ýmsum löndum og sjálfstjórnarsvæðum. 	<p>Gagnasafnið inniheldur upplýsingar um hvaða forsetningar skal nota með ýmsum löndum og sjálfstjórnarsvæðum.</p>	<p></p>
isprep4isloc	description			 Gagnasafnið inniheldur upplýsingar um hvaða forsetningar skal nota með ýmsum íslenskum staðarheitum. 	<p>Gagnasafnið inniheldur upplýsingar um hvaða forsetningar skal nota með ýmsum íslenskum staðarheitum. </p>	<p></p>
thydingar_a_stofnunum,_fyrirtaekjum_og_titlum	description			 Pakkinn inniheldur 3.853 þýðingar á stofnana-, fyrirtækja- og starfsheitum (opinberum og lögvernduðum starfsheitum). 	<p>Pakkinn inniheldur 3.853 þýðingar á stofnana-, fyrirtækja- og starfsheitum (opinberum og lögvernduðum starfsheitum).</p>	<p></p>
ordasambond_a_islensku_og_ensku	description			 Eitt þúsund íslensk orðasambönd sem fengin eru úr ISLEX-gagnagrunni Árnastofnunar ásamt enskri samsvörun þeirra og bókstaflega merkingu þeirra í hvoru máli fyrir sig auk dæmasetninga og lykilorða. 	<p>Eitt þúsund íslensk orðasambönd sem fengin eru úr ISLEX-gagnagrunni Árnastofnunar ásamt enskri samsvörun þeirra og bókstaflega merkingu þeirra í hvoru máli fyrir sig auk dæmasetninga og lykilorða. </p>	<p></p>
samromur	description			Þetta er fyrsta útgáfan af gögnum úr safni Samróms. Útgáfan inniheldur 100.000 (145 klst.) staðfestar talupptökur á íslensku.	Þetta er fyrsta útgáfan af gögnum úr safni Samróms. Útgáfan inniheldur 100.000 (145 klst.) staðfestar talupptökur á íslensku.	<p></p>
samromur__fyrirspurnir	description			Útgáfan inniheldur 17.475 (20 klst.) staðfestar talupptökur á íslensku þar sem einblínt er á fyrirspurnir.	Útgáfan inniheldur 17.475 (20 klst.) staðfestar talupptökur á íslensku þar sem einblínt er á fyrirspurnir.	<p></p>
samromur__born	description			Útgáfan inniheldur 137.000 (131 klst.) staðfestar talupptökur frá börnum á íslensku.	Útgáfan inniheldur 137.000 (131 klst.) staðfestar talupptökur frá börnum á íslensku.	<p></p>
samromur__l2	description			Pakkinn inniheldur 143.031 (151,8 klst.) talupptökur úr safni Samróms þar sem mælendur eru fólki sem hefur ekki íslensku að móðurmáli. Gögnin eru að mestu óstaðfest.	Pakkinn inniheldur 143.031 (151,8 klst.) talupptökur úr safni Samróms þar sem mælendur eru fólki sem hefur ekki íslensku að móðurmáli. Gögnin eru að mestu óstaðfest.	<p></p>
samromur__hermun	description			Pakkinn inniheldur 91.408 (66,7 klst.) talupptökur úr safni Samróms þar sem mælendur þurftu fyrst að hlusta á setninguna upplesna (með talgervingu) áður en þeir tóku upp eigin rödd.	Pakkinn inniheldur 91.408 (66,7 klst.) talupptökur úr safni Samróms þar sem mælendur þurftu fyrst að hlusta á setninguna upplesna (með talgervingu) áður en þeir tóku upp eigin rödd.	<p></p>
samromur__ostadfest	description			Þessi útgáfa af gögnum úr safni Samróma eru öll gögn sem ekki eru til í öðrum útgáfum. Gögnin eru að mestu óyfirfarin. Útgáfan inniheldur 2.159.314 (2.233 klst.) talupptökur.	Þessi útgáfa af gögnum úr safni Samróma eru öll gögn sem ekki eru til í öðrum útgáfum. Gögnin eru að mestu óyfirfarin. Útgáfan inniheldur 2.159.314 (2.233 klst.) talupptökur.	<p></p>
spjallromur__icelandic_conversational_speech	description			Spjallrómur inniheldur upptökur sem eru samtals 21 klst. og 20 mín. að lengd, alls 54 samtöl og 102 viðmælendur.	Spjallrómur inniheldur upptökur sem eru samtals 21 klst. og 20 mín. að lengd, alls 54 samtöl og 102 viðmælendur.	<p></p>
kennsluromur__icelandic_lectures	description			Safn af hljóðskrám og samsvarandi texta úr kennslufyrirlestrum sem teknir voru upp í áföngum í HÍ og HR.	Safn af hljóðskrám og samsvarandi texta úr kennslufyrirlestrum sem teknir voru upp í áföngum í HÍ og HR.	<p></p>
raddromur__islensk_talgogn	description			Gagnasafnið samanstendur af hljóðbútum úr útvarps- og hlaðvarpsþáttum.	Gagnasafnið samanstendur af hljóðbútum úr útvarps- og hlaðvarpsþáttum.	<p></p>
ruvsjonvarp	description			Gagnasafnið inniheldur 6 klst. og 43 mín af sjónvarpsefni frá RÚV, úr þremur þáttum. Gagnasafnið inniheldur 5880 yrðingar frá 151 málhafa.	Gagnasafnið inniheldur 6 klst. og 43 mín af sjónvarpsefni frá RÚV, úr þremur þáttum. Gagnasafnið inniheldur 5880 yrðingar frá 151 málhafa.	<p></p>
ruvsjonvarp__othekktir_malhafar	description			Gagnasafnið inniheldur 281 klst. af sjónvarpsefni frá RÚV, úr sex þáttum. Gagnasafnið inniheldur 221.759 yrðingar frá óþekktum málhöfum.	Gagnasafnið inniheldur 281 klst. af sjónvarpsefni frá RÚV, úr sex þáttum. Gagnasafnið inniheldur 221.759 yrðingar frá óþekktum málhöfum.	<p></p>
fjolmidlatal	description			Gagnasafnið inniheldur 193 klukkustundir af útvarps- og sjónvarpsefni frá RÚV. Gagnasafnið inniheldur 40.746 yrðingar frá 1.360 málhöfum.	Gagnasafnið inniheldur 193 klukkustundir af útvarps- og sjónvarpsefni frá RÚV. Gagnasafnið inniheldur 40.746 yrðingar frá 1.360 málhöfum.	<p></p>
hjal_malheildin	description			 Hjal-verkefnið var hluti af tungutækniátaki menntamálaráðuneytisins sem ætlað var að styrkja stuðning við íslensku í ýmsum tölvukerfum. 	<p>Hjal-verkefnið var hluti af tungutækniátaki menntamálaráðuneytisins sem ætlað var að styrkja stuðning við íslensku í ýmsum tölvukerfum.</p>	<p></p>
malromur	description			 Málrómur er opið safn íslenskra raddsýna. Almannarómsverkefnið var unnið á árunum 2011 til 2012. 	<p>Málrómur er opið safn íslenskra raddsýna. Almannarómsverkefnið var unnið á árunum 2011 til 2012.</p>	<p></p>
althingisumraedur	description			 Ræður frá Alþingi Íslendinga, alls rúmir tuttugu klukkutímar af upptökum ásamt umritun þeirra í texta. 	<p>Ræður frá Alþingi Íslendinga, alls rúmir tuttugu klukkutímar af upptökum ásamt umritun þeirra í texta.</p>	<p></p>
althingisgognin_til_talgreiningar	description			 Alþingisgögnin eru samröðuð tal- og textagögn, unnin upp úr ræðum á Alþingi. Gögnin samanstanda af 6493 Alþingisræðum, frá 196 ræðumönnum. 	<p>Alþingisgögnin eru samröðuð tal- og textagögn, unnin upp úr ræðum á Alþingi. Gögnin samanstanda af 6493 Alþingisræðum, frá 196 ræðumönnum.</p>	<p></p>
jensson_malheildin	description			 Talmálsheild sem byggir á upplesnum texta (20 málhafar) sem er veginn með tilliti til hljóðatvennda. 	<p>Talmálsheild sem byggir á upplesnum texta (20 málhafar) sem er veginn með tilliti til hljóðatvennda.</p>	<p></p>
thor_malheildin	description			 Talmálsheild sem byggir á upplesnum texta sem er veginn með tilliti til hljóðatvennda. Í málheildinni eru 20 málhafar, 10 kvenmenn og 10 karlmenn. 	<p>Talmálsheild sem byggir á upplesnum texta sem er veginn með tilliti til hljóðatvennda. Í málheildinni eru 20 málhafar, 10 kvenmenn og 10 karlmenn.</p>	<p></p>
ruv_malheildin	description			 Talmálsheild sem byggist á upplesnum texta sem er veginn með tilliti til hljóðatvennda. Gagnasafnið hefur að geyma lesnar fréttir þar sem mikill orðaforði kemur fram. 	<p>Talmálsheild sem byggist á upplesnum texta sem er veginn með tilliti til hljóðatvennda. Gagnasafnið hefur að geyma lesnar fréttir þar sem mikill orðaforði kemur fram.</p>	<p></p>
talromur_1	description			 122.417 stuttar upptökur frá átta mismunandi röddum. 	<p>122.417 stuttar upptökur frá átta mismunandi röddum.</p>	<p></p>
talromur_2	description			 56.225 stuttar upptökur frá fjörutíu mismunandi röddum. 	<p>56.225 stuttar upptökur frá fjörutíu mismunandi röddum.</p>	<p></p>
talromur_3	description			 15.078 stuttar upptökur frá tíu mismunandi röddum. Fyrir hverja rödd hafa 340 segðir verið lesnar inn í 6 mismunandi tilbrigðum (hlutlaus, gleði, depurð, reiði, undrun og hjálpsemi). 	<p>15.078 stuttar upptökur frá tíu mismunandi röddum. Fyrir hverja rödd hafa 340 segðir verið lesnar inn í 6 mismunandi tilbrigðum (hlutlaus, gleði, depurð, reiði, undrun og hjálpsemi).</p>	<p></p>
morkud_malheild_samstafa_orda_e._homographs	description			 Þetta gagnasett inniheldur lista af samstafa orðum og safn setninga úr Risamálheildinni sem innihalda þessi orð, merkt eftir framburði. 	<p>Þetta gagnasett inniheldur lista af samstafa orðum og safn setninga úr Risamálheildinni sem innihalda þessi orð, merkt eftir framburði.</p>	<p></p>
malheild_fyrir_textanormun_text_normalization_corpus	description			 Inniheldur fjölda setninga fyrir og eftir stöðlun (e. normalization). 	<p>Inniheldur fjölda setninga fyrir og eftir stöðlun (e. normalization).</p>	<p></p>
gogn_til_skilningsprofana	description			 Inniheldur setningar til skilningsprófana (e. intelligibility tests) fyrir talgervla og má nota til þess að mæla áhrif stafsetningarvillna á skilning á talgervilslestri. 	<p>Inniheldur setningar til skilningsprófana (e. intelligibility tests) fyrir talgervla og má nota til þess að mæla áhrif stafsetningarvillna á skilning á talgervilslestri.</p>	<p></p>
islensk_vidmidunargogn_fyrir_stor_mallikon	description			 Prófunargögn til að meta málkunnáttu og málfræðilega getu stórra mállíkana fyrir íslensku. 	<p>Prófunargögn til að meta málkunnáttu og málfræðilega getu stórra mállíkana fyrir íslensku.</p>	<p></p>
islensk_vidmidunargogn__rettritun_a_islensku	description			 Þessi pakki hefur að geyma prófunargögn fyrir réttritun á íslensku. 	<p>Þessi pakki hefur að geyma prófunargögn fyrir réttritun á íslensku.</p>	<p></p>
islensk_vidmidunargogn__malnotkun	description			 Þessi pakki hefur að geyma prófunargögn fyrir málfar. 	<p>Þessi pakki hefur að geyma prófunargögn fyrir málfar.</p>	<p></p>
gagnasett_spurningarsvorunar_a_svidi_menningar_og_sogu	description			 Spurningarsvörunarmálheild sem er ætlað að mæla þekkingu risamállíkans á íslenskri menningu og sögu og getu þess til þess að svara spurningum rétt. 	<p>Spurningarsvörunarmálheild sem er ætlað að mæla þekkingu risamállíkans á íslenskri menningu og sögu og getu þess til þess að svara spurningum rétt.</p>	<p></p>
nqii__natural_questions_in_icelandic	description			 Spurningasvörunar gagnasett sem hæfir bæði lesskilnings- og opinni spurningasvörun á Íslensku. Svörin eru merkt inn í íslenska hluta Wikipedia. 	<p>Spurningasvörunar gagnasett sem hæfir bæði lesskilnings- og opinni spurningasvörun á Íslensku. Svörin eru merkt inn í íslenska hluta Wikipedia.</p>	<p></p>
islenska_winogrande_malheildin	description			 WinoGrande málheildin nýtist við mat á almennum málskilningi mállíkana. 	<p>WinoGrande málheildin nýtist við mat á almennum málskilningi mállíkana.</p>	<p></p>
ruquad__malheild_med_spurningum_og_svorum_haskolinn_i_reykjavik_	description			 Málheild sem samanstendur af pörum af spurningum og svörum. Sérhver spurning, sem á sér svar, tengist ákveðinni efnisgrein þar sem svarið við spurningunni er merkt. 	<p>Málheild sem samanstendur af pörum af spurningum og svörum. Sérhver spurning, sem á sér svar, tengist ákveðinni efnisgrein þar sem svarið við spurningunni er merkt.</p>	<p></p>
icesum__icelandic_text_summarization_corpus	description			 Safn 1.000 íslenskra frétta af mbl.is með handgerðum samantektum. Málheildin inniheldur innlendar fréttir og erlendar fréttir, viðskiptafréttir og íþróttafréttir sem gefnar voru út á tímabilinu 1998-2019. 	<p>Safn 1.000 íslenskra frétta af mbl.is með handgerðum samantektum. Málheildin inniheldur innlendar fréttir og erlendar fréttir, viðskiptafréttir og íþróttafréttir sem gefnar voru út á tímabilinu 1998-2019.</p>	<p></p>
islensk_nutimamalsordabok	description			 Íslensk nútímamálsorðabók er veforðabók sem samin er á Árnastofnun. Orðaforðinn er um 56 þúsund uppflettiorð. 	<p>Íslensk nútímamálsorðabók er veforðabók sem samin er á Árnastofnun. Orðaforðinn er um 56 þúsund uppflettiorð.</p>	<p></p>
islex_ordabokin	description			 ISLEX er margmála orðabókarverk með íslenskum uppflettiorðum og þýðingum á dönsku, sænsku, norsku (bókmáli og nýnorsku), færeysku og finnsku. 	<p>ISLEX er margmála orðabókarverk með íslenskum uppflettiorðum og þýðingum á dönsku, sænsku, norsku (bókmáli og nýnorsku), færeysku og finnsku.</p>	<p></p>
islexrec	description			 Við hvert uppflettiorð í ISLEX-orðabókinni er gefinn framburður í formi hljóðskráar. Um er að ræða tæplega 49000 orð og auk þess rúmlega 700 orðasambönd 	<p>Við hvert uppflettiorð í ISLEX-orðabókinni er gefinn framburður í formi hljóðskráar. Um er að ræða tæplega 49000 orð og auk þess rúmlega 700 orðasambönd</p>	<p></p>
bin	description			 	<p></p>	<p></p>
bin__roklidaskra	description			 Í skránni er greining á rökliðum en rökliður er liður í setningu sem tengist umsögn á einhvern hátt (yfirleitt frumlög eða andlög). 	<p>Í skránni er greining á rökliðum en rökliður er liður í setningu sem tengist umsögn á einhvern hátt (yfirleitt frumlög eða andlög).</p>	<p></p>
bin__storasnid	description			 Úttak úr BÍN með auknum gögnum um hvert orð og hverja beygingarmynd, auk efnis um ritmyndir sem ekki eiga heima innan beygingardæmanna í BÍN, þ.e. stafsetningar- og beygingarvillur, ásláttarvillur, eldri ritháttur orða o.fl. 	<p>Úttak úr BÍN með auknum gögnum um hvert orð og hverja beygingarmynd, auk efnis um ritmyndir sem ekki eiga heima innan beygingardæmanna í BÍN, þ.e. stafsetningar- og beygingarvillur, ásláttarvillur, eldri ritháttur orða o.fl.</p>	<p></p>
binkjarninn	description			 BÍN-kjarninn er einfaldað, vísandi úrtak úr BÍN sem ætlað er þeim sem vilja setja fram leiðbeinandi gögn um íslenska beygingarkerfið, t.d. fyrir þá sem eru að læra íslensku. 	<p>BÍN-kjarninn er einfaldað, vísandi úrtak úr BÍN sem ætlað er þeim sem vilja setja fram leiðbeinandi gögn um íslenska beygingarkerfið, t.d. fyrir þá sem eru að læra íslensku.</p>	<p></p>
bin__skammstafanir	description			 Listi algengra skammstafana í íslenskum textum ásamt útskýringum og flokkun. 	<p>Listi algengra skammstafana í íslenskum textum ásamt útskýringum og flokkun.</p>	<p></p>
binpackage	description			 Python-pakki utan um Beygingarlýsingu íslensks nútímamáls (BÍN), sem inniheldur yfir 6,5 milljónir færslna, 3,1 milljón einstakra orðmynda og um 300.000 stakar lemmur. 	<p>Python-pakki utan um Beygingarlýsingu íslensks nútímamáls (BÍN), sem inniheldur yfir 6,5 milljónir færslna, 3,1 milljón einstakra orðmynda og um 300.000 stakar lemmur.</p>	<p></p>
islensk_framburdarordabok_fyrir_maltaekni	description			 Orðabókin inniheldur handyfirfarnar hljóðritanir í fjórum framburðartilbrigðum íslensku. 	<p>Orðabókin inniheldur handyfirfarnar hljóðritanir í fjórum framburðartilbrigðum íslensku.</p>	<p></p>
framburdarordabokin	description			 Framburðarorðabókin inniheldur milli 50 og 60 þúsund hljóðritaðar orðmyndir. 	<p><p>Framburðarorðabókin inniheldur milli 50 og 60 þúsund hljóðritaðar orðmyndir.</p></p>	<p></p>
ordskiptingar	description			 Íslenskur orðskiptingalisti og orðskiptingamynstur, unnin upp úr íslenskum orðasöfnum og textum. 	<p>Íslenskur orðskiptingalisti og orðskiptingamynstur, unnin upp úr íslenskum orðasöfnum og textum.</p>	<p></p>
tokenizer__tilreidari_fyrir_islenska_texta	description			 Tokenizer er Python-pakki, ásamt skipanalínutóli, sem sér um tilreiðslu íslensks texta. Pakkinn umbreytir inntakstexta í tókastraum. 	<p>Tokenizer er Python-pakki, ásamt skipanalínutóli, sem sér um tilreiðslu íslensks texta. Pakkinn umbreytir inntakstexta í tókastraum.</p>	<p></p>
abltagger	description			 Þetta er markari sem virkar fyrir nýja markamengið og nær 96,95% nákvæmni á MÍM-Gull (krossprófanir). 	<p>Þetta er markari sem virkar fyrir nýja markamengið og nær 96,95% nákvæmni á MÍM-Gull (krossprófanir).</p>	<p></p>
icelandic_ner_api__ensamble_model	description			 Dockerútfærð forritaskil fyrir nafnakennsl. Þau notast við IceBERT mállíkan sem sitt megin líkan en bjóða líka upp á möguleikann að láta IceBERT vinna með 3 öðrum líkönum. 	<p>Dockerútfærð forritaskil fyrir nafnakennsl. Þau notast við IceBERT mállíkan sem sitt megin líkan en bjóða líka upp á möguleikann að láta IceBERT vinna með 3 öðrum líkönum.</p>	<p></p>
icelandic_ner_api__electrabase_model	description			 Dockerútfærð forritaskil fyrir nafnakennsl. Þau notast við ELECTRA-base mállíkan sem hefur verið fínstillt með nafnakennslamálheildinni MIM-GOLD-NER 	<p>Dockerútfærð forritaskil fyrir nafnakennsl. Þau notast við ELECTRA-base mállíkan sem hefur verið fínstillt með nafnakennslamálheildinni MIM-GOLD-NER</p>	<p></p>
abllemmatizer	description			 Forþjálfað lemmunar líkan fyrir ABLTagger v3.1.0. Í þessari útgáfu er lítill lemmari sem les inn tóka og mörk úr nýja markamenginu. 	<p>Forþjálfað lemmunar líkan fyrir ABLTagger v3.1.0. Í þessari útgáfu er lítill lemmari sem les inn tóka og mörk úr nýja markamenginu.</p>	<p></p>
iceparser	description			 Hlutaþáttari sem samanstendur af röð af stöðuferjöldum. Inntakið í IceParser er markaður texti og þáttarinn skilar af sér úttaki sem inniheldur bæði merkingar á setningarliðum og setningafræðilegum hlutverkum. 	<p>Hlutaþáttari sem samanstendur af röð af stöðuferjöldum. Inntakið í IceParser er markaður texti og þáttarinn skilar af sér úttaki sem inniheldur bæði merkingar á setningarliðum og setningafræðilegum hlutverkum.</p>	<p></p>
greynirpackage	description			 GreynirPackage er Python 3 pakki sem vinnur með íslenskan texta. Greynir þáttar texta í setningar, lemmar og markar texta, beygir nafnliði og margt fleira. 	<p>GreynirPackage er Python 3 pakki sem vinnur með íslenskan texta. Greynir þáttar texta í setningar, lemmar og markar texta, beygir nafnliði og margt fleira.</p>	<p></p>
tauganetsthattari_mideindar	description			 Tauganetsþáttari Miðeindar er tilraunaafbrigði af Berkeley tauganetsþáttaranum. Þáttarinn skilar stofnliðatrjám án POS-marka. 	<p>Tauganetsþáttari Miðeindar er tilraunaafbrigði af Berkeley tauganetsþáttaranum. Þáttarinn skilar stofnliðatrjám án POS-marka.</p>	<p></p>
islensk_taugathattunarpipa_iceneuralparsingpipeline	description			 Íslenska taugaþáttunarpípan (IceNeuralParsingPipeline) er þáttunarpípa sem inniheldur öll skref sem eru nauðsynleg til að þátta hreinan íslenskan texta, þ.e. skref fyrir forvinnslu, þáttun og eftirvinnslu texta. 	<p>Íslenska taugaþáttunarpípan (IceNeuralParsingPipeline) er þáttunarpípa sem inniheldur öll skref sem eru nauðsynleg til að þátta hreinan íslenskan texta, þ.e. skref fyrir forvinnslu, þáttun og eftirvinnslu texta.</p>	<p></p>
udthattari_byggdur_a_combo	description			 UD-þáttari sem var þjálfaður með COMBO. 	<p>UD-þáttari sem var þjálfaður með COMBO. </p>	<p></p>
biaffinebased_ud_parser	description			 UD-þáttari sem var þjálfaður með Diaparser. 	<p>UD-þáttari sem var þjálfaður með Diaparser.</p>	<p></p>
udvarpari	description			 Tól til að varpa liðgerðartrjábönkum á sniði PPCHE (Penn Parsed Corpora of Historical English) yfir í venslatrjábanka samkvæmt Universal Dependencies-sniði. 	<p>Tól til að varpa liðgerðartrjábönkum á sniði PPCHE (Penn Parsed Corpora of Historical English) yfir í venslatrjábanka samkvæmt Universal Dependencies-sniði.</p>	<p></p>
udvarpari_fyrir_greynircorpus	description			 Tól til að varpa liðgerðartrjábönkum málheildarinnar GreynirCorpus yfir í venslatrjábanka samkvæmt Universal Dependencies-sniði. 	<p>Tól til að varpa liðgerðartrjábönkum málheildarinnar <i>GreynirCorpus</i> yfir í venslatrjábanka samkvæmt Universal Dependencies-sniði.</p>	<p></p>
vidsamhengislikan_fyrir_thydingar_milli_ensku_og_islensku	description			 Líkön sem voru þjálfuð á mBART25 líkaninu. Þau geta þýtt margar málsgreinar í einu og eru þolin gagnvart villum og smávægilegu fráviki í inntaki. 	<p>Líkön sem voru þjálfuð á mBART25 líkaninu. Þau geta þýtt margar málsgreinar í einu og eru þolin gagnvart villum og smávægilegu fráviki í inntaki.</p>	<p></p>
bestad_vidsamhengislikan_fyrir_thydingar_milli_ensku_og_islensku	description			 Þessi hirsla smækkaðar útgáfur af líkönunum í hirslunni Bestað víðsamhengislíkan fyrir þýðingar milli ensku og íslensku . 	<p>Þessi hirsla smækkaðar útgáfur af líkönunum í hirslunni <i>Bestað víðsamhengislíkan fyrir þýðingar milli ensku og íslensku</i>.</p>	<p></p>
greynirtranslate__mbart25_nmt_thydingarlikon_fyrir_islensku_og_ensku	description			 Pakkinn inniheldur almenn þýðingarlíkön. Þau eru byggð á margmála BART líkani og fínþjálfuð fyrir þýðingar. 	<p>Pakkinn inniheldur almenn þýðingarlíkön. Þau eru byggð á margmála BART líkani og fínþjálfuð fyrir þýðingar.</p>	<p></p>
greynirtranslate__mbart25_nmt_med_lagamissi_thydingarlikon_fyrir_islensku_og_ensku	description			 Þessi líkön eru þjálfuð með 40% laga missi á líkönunum í hirslunni GreynirTranslate - mBART25 NMT þýðingarlíkön fyrir íslensku og ensku . 	<p>Þessi líkön eru þjálfuð með 40% laga missi á líkönunum í hirslunni <i>GreynirTranslate - mBART25 NMT þýðingarlíkön fyrir íslensku og ensku</i>.</p>	<p></p>
islensktpolskt_thydingarlikan_tviatta	description			 Þetta tvíátta líkan var þjálfað með fairseq með hálf-sjálfvirkum aðferðum frá mBART50 líkaninu. 	<p>Þetta tvíátta líkan var þjálfað með fairseq með hálf-sjálfvirkum aðferðum frá mBART50 líkaninu.</p>	<p></p>
mt__mosessmt	description			 Moses PBSMT er kerfi til þess að þróa og keyra tölfræðilegar vélþýðingar. Hér er dreift fjórum pökkum sem innihalda forþjálfuð líkön, kóða fyrir þjálfun og keyrslu á líkönum og framenda til að for- og eftirvinna texta fyrir þýðingar. 	<p>Moses PBSMT er kerfi til þess að þróa og keyra tölfræðilegar vélþýðingar. Hér er dreift fjórum pökkum sem innihalda forþjálfuð líkön, kóða fyrir þjálfun og keyrslu á líkönum og framenda til að for- og eftirvinna texta fyrir þýðingar.</p>	<p></p>
greynirseq_domain_translation_pipeline	description			 Hugbúnaður sem sækir íslenskt enskt þýðingarlíkan og getur aðlagað það fyrir þjálfun á samhliða gögnum sem eru merkt eftir óðali. 	<p>Hugbúnaður sem sækir íslenskt enskt þýðingarlíkan og getur aðlagað það fyrir þjálfun á samhliða gögnum sem eru merkt eftir óðali.</p>	<p></p>
greynirt2t__enis_nmt_med_tensor2tensor	description			 Forritasafn til að þjálfa þýðingarlíkön sem þýða milli íslensku og ensku. 	<p>Forritasafn til að þjálfa þýðingarlíkön sem þýða milli íslensku og ensku.</p>	<p></p>
greynirt2t_serving__enis_nmt_inference_and_pretrained_models	description			 Forrit og líkön til að keyra GreynirT2T Transformer vélþýðingarlíkön fyrir þýðingar á milli íslensku og ensku. 	<p>Forrit og líkön til að keyra GreynirT2T Transformer vélþýðingarlíkön fyrir þýðingar á milli íslensku og ensku.</p>	<p></p>
vefvidmot_fyrir_velthydingakerfi_sem_stydja_google_translate	description			 Stillanlegt vefviðmót fyrir vélþýðingakerfi sem styðja Google Translate V3 API sniðmátið. 	<p>Stillanlegt vefviðmót fyrir vélþýðingakerfi sem styðja Google Translate V3 API sniðmátið.</p>	<p></p>
samromurborn__synisforskriftir_fyrir_kalda	description			 Safn þriggja talgreiningarforskrifta sem sýna hvernig má beita talmálheildinni Samrómur-Íslensk talgögn frá börnum ásamt Íslenskum mállíkönum með framburðarorðabók til þess að byggja talgreiningarkerfi með verkfærakistunni Kaldi. 	<p>Safn þriggja talgreiningarforskrifta sem sýna hvernig má beita talmálheildinni <i>Samrómur-Íslensk talgögn frá börnum</i> ásamt <i>Íslenskum mállíkönum með framburðarorðabók</i> til þess að byggja talgreiningarkerfi með verkfærakistunni Kaldi.</p>	<p></p>
samromurunglingar__synisforskriftir_fyrir_kalda	description			 Forskrift sem sýnir hvernig má beita talmálheildinni Samrómur-Íslensk talgögn frá börnum ásamt Íslenskum mállíkönum með framburðarorðabók til þess að byggja sérsniðið talgreiningarkerfi með verkfærakistunni Kaldi. 	<p>Forskrift sem sýnir hvernig  má beita talmálheildinni <i>Samrómur-Íslensk talgögn frá börnum</i> ásamt <i>Íslenskum mállíkönum með framburðarorðabók</i> til þess að byggja sérsniðið talgreiningarkerfi með verkfærakistunni Kaldi.</p>	<p></p>
samromurl2__synisforskriftir_fyrir_kalda	description			 Forskrift sem sýnir hvernig má beita talmálheildinni Samromur L2 ásamt Íslenskum mállíkönum með framburðarorðabók til þess að byggja talgreiningarkerfi með verkfærakistunni Kaldi. 	<p>Forskrift sem sýnir hvernig má beita talmálheildinni <i>Samromur L2</i> ásamt <i>Íslenskum mállíkönum með framburðarorðabók</i> til þess að byggja talgreiningarkerfi með verkfærakistunni Kaldi.</p>	<p></p>
samromurnemo_synisforskriftir_fyrir_nvidianemo	description			 Forskrift sem sýnir hvernig má nota Samrómur 21.05 og Íslenskt 6-stæðu mállíkan fyrir NeMo til að búa til talgreini með NVIDIA-NeMo. 	<p>Forskrift sem sýnir hvernig má nota <i>Samrómur 21.05</i> og <i>Íslenskt 6-stæðu mállíkan fyrir NeMo</i> til að búa til talgreini með NVIDIA-NeMo.</p>	<p></p>
samromurdeepspeech_synisforskriftir_fyrir_mozilla_deepspeech	description			 Forskrift sem sýnir hvernig má nota Samromur 21.05 og DeepSpeech matsgjafi fyrir íslensku 22.06 til að búa til talgreini með Mozilla DeepSpeech recognizer. 	<p>Forskrift sem sýnir hvernig má nota <i>Samromur 21.05</i> og <i>DeepSpeech matsgjafi fyrir íslensku 22.06</i> til að búa til talgreini með Mozilla DeepSpeech recognizer.</p>	<p></p>
ruvdi_speaker_diarization_kaldi	description			 Tvær forskriftir fyrir samræðugreind fyrir hugbúnaðarumhverfið Kaldi. 	<p>Tvær forskriftir fyrir samræðugreind fyrir hugbúnaðarumhverfið Kaldi.</p>	<p></p>
ruvdi_speaker_diarization_v5_likon_kaldi	description			 Þetta skjalasafn inniheldur skrár frá kaldi-speaker-diarization v5. 	<p>Þetta skjalasafn inniheldur skrár frá kaldi-speaker-diarization v5.</p>	<p></p>
raddskipanir_og_fyrirspurnir_forskriftir_fyrir_kalda	description			 Markmiðið með þessu verkefni var að búa til forskriftir fyrir Kalda fyrir raddskipanir og fyrirspurnir. 	<p>Markmiðið með þessu verkefni var að búa til forskriftir fyrir Kalda fyrir raddskipanir og fyrirspurnir.</p>	<p></p>
islensk_mallikon_med_framburdarordabok	description			 Safn fjögurra n-gram mállíkana á ARPA-sniði ásamt framburðarorðabók sem inniheldur öll orðin í mállíkönunum. 	<p>Safn fjögurra n-gram mállíkana á ARPA-sniði ásamt framburðarorðabók sem inniheldur öll orðin í mállíkönunum.</p>	<p></p>
islenskt_6staedu_mallikan_fyrir_nemo_binary_utgafa	description			 N-stæðu orðtákna mállíkan á bitasniði til að nota með talgreinum sem eru búnir til í NVIDIA-NeMo umhverfinu. 	<p>N-stæðu orðtákna mállíkan á bitasniði til að nota með talgreinum sem eru búnir til í NVIDIA-NeMo umhverfinu.</p>	<p></p>
greinarmerkingarlikan	description			 Python-pakki sem greinarmerkjasetur íslenskan texta. 	<p>Python-pakki sem greinarmerkjasetur íslenskan texta.</p>	<p></p>
deepspeech_matsgjafi_fyrir_islensku	description			Matsgjafi fyrir talgreina búna til í Mozilla DeepSpeech recognizer. 	Matsgjafi fyrir talgreina búna til í Mozilla DeepSpeech recognizer. 	<p></p>
heyra	description			Android-forrit sem inniheldur þrjá laustengda hluta fyrir talgreiningu. Hægt er að sækja Heyra á Google Play Store.	Android-forrit sem inniheldur þrjá laustengda hluta fyrir talgreiningu. Hægt er að sækja Heyra á Google Play Store.	<p></p>
tiro__vefgatt_fyrir_talgreiningu	description			 Tiro Talkjarni er talgreinisþjónn sem úfærir gRPC API. Stuðningur við REST er veittur í gegnum gRPC REST-gátt. 	<p>Tiro Talkjarni er talgreinisþjónn sem úfærir gRPC API. Stuðningur við REST er veittur í gegnum gRPC REST-gátt.</p>	<p></p>
multispeaker_glowtts_likan_fyrir_talromur_2_forutgafa	description			 Líkan þjálfað á gögnum úr Talrómi 2 með notkun GlowTTS nálgunarinnar í Coqui TTS verkfærakistunni. 	<p>Líkan þjálfað á gögnum úr Talrómi 2 með notkun GlowTTS nálgunarinnar í Coqui TTS verkfærakistunni.</p>	<p></p>
glowtts_likan_fyrir_talromur_1	description			 Líkan þjálfað á gögnum úr Talrómi 1 notkun GlowTTS nálgunarinnar í Coqui TTS verkfærakistunni. 	<p>Líkan þjálfað á gögnum úr Talrómi 1 notkun GlowTTS nálgunarinnar í Coqui TTS verkfærakistunni.</p>	<p></p>
talromur__ttslikan	description			 Mismunandi líkön fyrir allar 8 raddir Talróms 1, ætluð til notkunar innan ESPNet verkfærakistunnar. 	<p>Mismunandi líkön fyrir allar 8 raddir Talróms 1, ætluð til notkunar innan ESPNet verkfærakistunnar.</p>	<p></p>
webricevidbotin	description			 Viðbót (e. add-on) fyrir Chrome ætluð almennum notendum sem vilja láta lesa upp texta vefsíðna. 	<p>Viðbót (e. add-on) fyrir Chrome ætluð almennum notendum sem vilja láta lesa upp texta vefsíðna.</p>	<p></p>
webrice__veflesari	description			 Pakki ætlaður þeim sem vilja bæta veflesara við vefi sína. 	<p>Pakki ætlaður þeim sem vilja bæta veflesara við vefi sína.</p>	<p></p>
talromur__hjalparpakki	description			 Pakkinn inniheldur allt nauðsynlegt til að þróa og keyra talgervla búna til með gögnum Talróms. 	<p>Pakkinn inniheldur allt nauðsynlegt til að þróa og keyra talgervla búna til með gögnum Talróms.</p>	<p></p>
tiro__tts_vefthjonusta	description			 Vefgátt fyrir talgervingu sem ræður við ýmsar tegundir talgervilslíkana. 	<p>Vefgátt fyrir talgervingu sem ræður við ýmsar tegundir talgervilslíkana.</p>	<p></p>
fedtol_fyrir_einkenni_hljodvistar_med_maelendaupplysingum	description			 Tól sem greinir ein mælanda frá öðrum með því að greina t.d. hljómfall. 	<p>Tól sem greinir ein mælanda frá öðrum með því að greina t.d. hljómfall.</p>	<p></p>
mosi__hugbunadur_til_ad_meta_gaedi_talgervingar	description			 Vettvangur (e. platform) til að meta gæði hljóðgervingar. 	<p>Verkvangur til að meta gæði hljóðgervingar.</p>	<p></p>
tts_textavinnsla	description			 Textavinnslupípu fyrir íslenska talgervla sem samanstendur af vinnslu html-skjala fyrir hljóðbækur, hreinsun texta, textanormun, stafsetningarleiðréttingu, innsetningu á þögnum og sjálfvirkri hljóðritun. 	<p>Textavinnslupípu fyrir íslenska talgervla sem samanstendur af vinnslu html-skjala fyrir hljóðbækur, hreinsun texta, textanormun, stafsetningarleiðréttingu, innsetningu á þögnum og sjálfvirkri hljóðritun.</p>	<p></p>
tts_skjalalesari	description			 Vefviðmótið þar sem hægt er að hlaða upp textaskjölum og fá .mp3-skrá til baka þar sem skjalið hefur verið lesið af talgervli. 	<p>Vefviðmótið þar sem hægt er að hlaða upp textaskjölum og fá .mp3-skrá til baka þar sem skjalið hefur verið lesið af talgervli.</p>	<p></p>
islenskur_talgervill_fyrir_android	description			 Android app sem gerir notendum kleift að nota íslenskan talgervil í símunum, t.d. sem skjálesara. 	<p>Android app sem gerir notendum kleift að nota íslenskan talgervil í símunum, t.d. sem skjálesara.</p>	<p></p>
icelandic_homograph_classifier	description			 Tól sem flokkar íslensk samstafa orð sem innihalda 'll' (t.d. völlur) en í þessum orðum er 'll' borið fram ýmist /tl/ eða /l/, eftir merkingu orðsins. 	<p>Tól sem flokkar íslensk samstafa orð sem innihalda 'll' (t.d. völlur) en í þessum orðum er 'll' borið fram ýmist /tl/ eða /l/, eftir merkingu orðsins.</p>	<p></p>
islenskt_gtpsw3_likan_fyrir_stafsetningar_og_malfraediryni	description			 GPT-SW3-líkan sem hefur verið fínþjálfað, sérstaklega í málfræði- og stafsetningarleiðréttingu. 	<p>GPT-SW3-líkan sem hefur verið fínþjálfað, sérstaklega í málfræði- og stafsetningarleiðréttingu.</p>	<p></p>
leidrettingarlikan_fyrir_islensku_finthjalfad_byt5base_transformerlikan__yfirlestur	description			 Þýðingalíkan sem þýðir íslenskan texta með villum yfir í texta án villna. 	<p>Þýðingalíkan sem þýðir íslenskan texta með villum yfir í texta án villna.</p>	<p></p>
greynircorrect	description			Python-pakki og skipanalínutól sem bendir á og leiðréttir ýmsar tegundir stafsetningar- og málvillna.	Python-pakki og skipanalínutól sem bendir á og leiðréttir ýmsar tegundir stafsetningar- og málvillna.	<p></p>
byt5base_transformerlikan_fyrir_flokkun_islenskra_setninga	description			 Transformer-líkan sem flokkar setningar eftir því hvort líklegt sé að þær innihaldi villur eða ekki. 	<p>Transformer-líkan sem flokkar setningar eftir því hvort líklegt sé að þær innihaldi villur eða ekki.</p>	<p></p>
fjolmerkja_villuflokkar_flokkar_islensku_villumalheildarinnar_fyrir_setningar	description			 Líkan sem greinir hvort setning innihaldi ákveðna villutegund (t.d. stafsetningar- eða málfræðivillu). 	<p>Líkan sem greinir hvort setning innihaldi ákveðna villutegund (t.d. stafsetningar- eða málfræðivillu).</p>	<p></p>
villuflokkari_flokkar_islensku_villumalheildarinnar_fyrir_toka	description			 Líkan sem greinir hvort orð innihaldi ákveðna villutegund. 	<p>Líkan sem greinir hvort orð innihaldi ákveðna villutegund.</p>	<p></p>
